,Date,Time,Open,High,Low,Close,Volume
871,2016/4/1,0:00:00,533,572,525.4,535,21964400
870,2016/4/4,0:00:00,515,537.7,514.1,516.1,12701000
869,2016/4/5,0:00:00,506.1,511.8,487.6,493.6,7738200
868,2016/4/6,0:00:00,490,490.6,473.4,478.8,11269900
867,2016/4/7,0:00:00,471.8,478.7,465.1,470.1,4524400
866,2016/4/8,0:00:00,462.1,491.9,459.4,489.6,6026500
865,2016/4/11,0:00:00,473.6,480.7,469.5,477.2,3018600
864,2016/4/12,0:00:00,479.6,507.5,476.5,503.6,4478200
863,2016/4/13,0:00:00,499.1,516.1,483.4,515.2,6605300
862,2016/4/14,0:00:00,511,527.8,508.1,527.8,7070200
861,2016/4/15,0:00:00,517.8,526.9,504.8,504.8,5916800
860,2016/4/18,0:00:00,495.6,514.8,493.1,499.3,5370100
859,2016/4/19,0:00:00,510,523.4,508.1,510.5,4326100
858,2016/4/20,0:00:00,523,535,519.9,521.7,7399000
857,2016/4/21,0:00:00,538.3,538.9,524,531,3845900
856,2016/4/22,0:00:00,524.1,560,522.1,556,5607600
855,2016/4/25,0:00:00,560,564.8,549.5,554.3,3956000
854,2016/4/26,0:00:00,550.4,560.5,535.3,545.7,4242100
853,2016/4/27,0:00:00,547,555.5,537,548.7,3243800
852,2016/4/28,0:00:00,558.7,569.6,497.7,512.4,4771900
851,2016/5/2,0:00:00,486.4,491,478,485.9,3996900
850,2016/5/6,0:00:00,495,496.5,485.3,495,5206100
849,2016/5/9,0:00:00,498.9,506.6,494.8,495,2408400
848,2016/5/10,0:00:00,493.6,494.9,478.5,487,8801600
847,2016/5/11,0:00:00,491.2,494.9,475,480.7,6514800
846,2016/5/12,0:00:00,479.1,491.5,474.1,484.6,5561600
845,2016/5/13,0:00:00,495,495,467,470.5,6059100
844,2016/5/16,0:00:00,475.8,492.8,469.1,477.8,5163400
843,2016/5/17,0:00:00,489.5,490,479.6,487.6,4331600
842,2016/5/18,0:00:00,489,502.4,488.1,496.1,4396900
841,2016/5/19,0:00:00,503,508.9,489,489.5,2720200
840,2016/5/20,0:00:00,488.8,498.4,486.2,494.6,1579200
839,2016/5/23,0:00:00,494.6,502.5,486.7,501.8,2179800
838,2016/5/24,0:00:00,499.1,499.2,487.4,487.5,3367000
837,2016/5/25,0:00:00,495.2,500,489.8,494.9,1632100
836,2016/5/26,0:00:00,502.5,507,495,497,1685500
835,2016/5/27,0:00:00,496.9,507.4,494.1,507.2,1929500
834,2016/5/30,0:00:00,511,513.3,502.6,510.9,1120400
833,2016/5/31,0:00:00,514.4,518.8,507.3,516.3,2693300
832,2016/6/1,0:00:00,508.4,517.7,503.7,509.6,2661100
831,2016/6/2,0:00:00,504,504.1,485.6,486.6,3061400
830,2016/6/3,0:00:00,487,491.8,481.2,485.9,1767300
829,2016/6/6,0:00:00,472.4,475.7,467.1,470.5,3033000
828,2016/6/7,0:00:00,471.2,471.7,465.1,467.5,3711800
827,2016/6/8,0:00:00,467.4,470.8,464,470.5,2540200
826,2016/6/9,0:00:00,465,469.2,463.6,465,3759900
825,2016/6/10,0:00:00,471,471.2,456.4,459.3,7029700
824,2016/6/13,0:00:00,449.6,451,443.2,446.2,4289700
823,2016/6/14,0:00:00,444.5,445.2,435.1,439.2,3424500
822,2016/6/15,0:00:00,437.3,449.4,433.2,444.1,3353500
821,2016/6/16,0:00:00,442.6,443.7,426.5,428.7,3545300
820,2016/6/17,0:00:00,436.4,440,432.1,434.8,3806700
819,2016/6/20,0:00:00,441.8,449.6,435.4,437.1,3574900
818,2016/6/21,0:00:00,429.8,441,422,438.1,3006700
817,2016/6/22,0:00:00,437,439,430.8,435.2,3272800
816,2016/6/23,0:00:00,435.7,446.5,433.7,443.5,1318700
815,2016/6/24,0:00:00,445.1,447.7,401.1,402.1,3352600
814,2016/6/27,0:00:00,410.1,423.1,390,400.4,4476700
813,2016/6/28,0:00:00,388,401,372.1,396.9,3612600
812,2016/6/29,0:00:00,401.5,404.4,394.5,399.5,2213400
811,2016/6/30,0:00:00,401,406,398.1,398.8,3118200
810,2016/7/1,0:00:00,402.4,407.7,395.8,403.1,2163200
809,2016/7/4,0:00:00,403.4,411.1,397.6,410.4,2955200
808,2016/7/5,0:00:00,405,407,397.9,405.1,2099700
807,2016/7/6,0:00:00,397.1,404.1,380.4,385.4,4540100
806,2016/7/7,0:00:00,380,389.5,379.4,381,2303600
805,2016/7/8,0:00:00,384.8,385,376.5,379,3305400
804,2016/7/11,0:00:00,395,407.8,391,404.2,3627000
803,2016/7/12,0:00:00,418,423.9,411.1,418.5,3757900
802,2016/7/13,0:00:00,426.5,436.6,421.6,429,4155700
801,2016/7/14,0:00:00,429.6,432.5,419.1,425.7,2893800
800,2016/7/15,0:00:00,429.2,448.4,429.1,439.7,2548500
799,2016/7/19,0:00:00,447.7,447.7,428.1,435.8,1906500
798,2016/7/20,0:00:00,432.5,436.7,422.1,428.9,1891100
797,2016/7/21,0:00:00,436.6,441.7,422.7,429.5,2365200
796,2016/7/22,0:00:00,417.7,425,415.5,420,1877900
795,2016/7/25,0:00:00,431.6,433.7,421.1,424.3,3261800
794,2016/7/26,0:00:00,421.7,422.9,413.4,417.9,4236400
793,2016/7/27,0:00:00,424,426.7,413,422.1,3817500
792,2016/7/28,0:00:00,416.3,419.5,410,413,1867600
791,2016/7/29,0:00:00,412.3,445.7,399.7,444.2,5723600
790,2016/8/1,0:00:00,438.7,468.4,430.1,465.4,5457600
789,2016/8/2,0:00:00,449.4,464.9,444.4,445.4,4269400
788,2016/8/3,0:00:00,431,436.1,421.7,423.7,3918800
787,2016/8/4,0:00:00,427.4,440.7,423.9,436.8,5114600
786,2016/8/5,0:00:00,438.7,459.7,437.7,447.8,5496200
785,2016/8/8,0:00:00,479.2,479.2,467.1,473.5,4817300
784,2016/8/9,0:00:00,476,489.3,475.1,483,5229100
783,2016/8/10,0:00:00,479.1,485.2,471,482.8,4530700
782,2016/8/12,0:00:00,487.4,491.1,467.5,479.3,4147200
781,2016/8/15,0:00:00,479,487.7,476.7,486.6,3220200
780,2016/8/16,0:00:00,490.1,500.2,483.7,484.2,3580500
779,2016/8/17,0:00:00,483.2,503.3,480.1,500.7,3496700
778,2016/8/18,0:00:00,505,517,498.7,504,5166100
777,2016/8/19,0:00:00,501,509.2,500.1,502.8,3272600
776,2016/8/22,0:00:00,504.5,513.6,498.5,511.9,3075500
775,2016/8/23,0:00:00,511.4,513.3,490.6,492.9,3667400
774,2016/8/24,0:00:00,492.9,500.8,492.1,496,2882800
773,2016/8/25,0:00:00,496,499,487.1,493.6,3427200
772,2016/8/26,0:00:00,487,497.4,482.6,490.2,2836500
771,2016/8/29,0:00:00,498.2,500.5,490.8,492.5,4573000
770,2016/8/30,0:00:00,492.6,517,492.5,510.5,4633500
769,2016/8/31,0:00:00,520.5,533.8,518.9,533.6,5150800
768,2016/9/1,0:00:00,534.5,541.1,529.8,539.6,4019900
767,2016/9/2,0:00:00,540.6,545.2,532.6,542.4,3906000
766,2016/9/5,0:00:00,551.6,553.9,531.1,532.6,3445900
765,2016/9/6,0:00:00,533.2,541.2,530.1,534.2,3477000
764,2016/9/7,0:00:00,524.7,527.1,511.8,523.8,4650000
763,2016/9/8,0:00:00,522.3,522.3,508.9,516,4903400
762,2016/9/9,0:00:00,509.4,518.6,507.5,512.9,5467800
761,2016/9/12,0:00:00,508.9,512,494,500,4946400
760,2016/9/13,0:00:00,493.6,494.8,480.6,485,5936400
759,2016/9/14,0:00:00,475.2,484.1,470.9,478,7243800
758,2016/9/15,0:00:00,470.2,474.9,464.6,472.3,5185800
757,2016/9/16,0:00:00,473.3,496.3,468.1,494.8,7879200
756,2016/9/20,0:00:00,486.8,496.4,483.1,485.7,6937200
755,2016/9/21,0:00:00,484.8,514.4,467.5,509.2,10872700
754,2016/9/23,0:00:00,499.2,504,484.2,496.4,7342300
753,2016/9/26,0:00:00,500.4,501.1,483.7,484.6,5054600
752,2016/9/27,0:00:00,474,475.1,447,469.7,8670500
751,2016/9/28,0:00:00,464.1,464.1,441.8,452.5,5574000
750,2016/9/29,0:00:00,448.2,466.8,448.2,456.4,6220000
749,2016/9/30,0:00:00,440.7,447.2,435.1,437.7,4717400
748,2016/10/3,0:00:00,445.7,449.6,437,441.2,3085800
747,2016/10/4,0:00:00,444.8,457.7,442.2,448,4171400
746,2016/10/5,0:00:00,449.6,453.9,443.3,446.5,4513600
745,2016/10/6,0:00:00,451.5,459.3,450.8,451.6,4094600
744,2016/10/7,0:00:00,451.7,457.2,449.3,454.7,3374100
743,2016/10/11,0:00:00,456.4,463.6,447.6,450.1,4373600
742,2016/10/12,0:00:00,445,445.2,437,442,5237400
741,2016/10/13,0:00:00,446.2,450.5,434,435.9,4589900
740,2016/10/14,0:00:00,436.8,443.2,435.1,442.5,3984400
739,2016/10/17,0:00:00,442.6,452.3,442.4,445.2,3234200
738,2016/10/18,0:00:00,443.9,447.6,441.5,446.9,4063900
737,2016/10/19,0:00:00,449,450.1,442.4,448.2,4470300
736,2016/10/20,0:00:00,452.5,462.8,448.8,461.2,3987300
735,2016/10/21,0:00:00,466.1,473.3,463.3,469.9,5270000
734,2016/10/24,0:00:00,469.4,476.4,462.3,466.4,3848500
733,2016/10/25,0:00:00,470,479.3,470,474.9,5260100
732,2016/10/26,0:00:00,472.4,475.4,465.9,474.6,3589600
731,2016/10/27,0:00:00,473,475.7,468.2,474.1,3339100
730,2016/10/28,0:00:00,481,487.4,478.6,485.4,9038000
729,2016/10/31,0:00:00,480.5,487.6,478.6,487.2,4666600
728,2016/11/1,0:00:00,487.5,489.7,482.1,487.3,3021200
727,2016/11/2,0:00:00,482.7,486.1,469.5,470.2,5809800
726,2016/11/4,0:00:00,465,468.7,458.8,465.3,4155000
725,2016/11/7,0:00:00,476,481.6,470.7,477,4366800
724,2016/11/8,0:00:00,483.1,490,478,483.9,4560800
723,2016/11/9,0:00:00,488.3,499.5,444.1,450,8560300
722,2016/11/10,0:00:00,498,509.9,485.2,496.8,8410100
721,2016/11/11,0:00:00,514.8,523.3,496.5,499.5,7667300
720,2016/11/14,0:00:00,514.9,514.9,497,503.9,6482600
719,2016/11/15,0:00:00,503.9,512.7,490.2,495.9,5703400
718,2016/11/16,0:00:00,510.3,527,508.8,524,7848600
717,2016/11/17,0:00:00,514,520.6,501.9,520.4,6047800
716,2016/11/18,0:00:00,530,545.5,518.3,520.2,5302700
715,2016/11/21,0:00:00,526,529.8,517.4,527.8,4779200
714,2016/11/22,0:00:00,527.1,533,522.7,531.7,5093800
713,2016/11/24,0:00:00,535,535,516.8,527.2,7916900
712,2016/11/25,0:00:00,528.7,529.8,493.5,504,10741000
711,2016/11/28,0:00:00,501.1,518.8,498,517,6557900
710,2016/11/29,0:00:00,509.4,518.4,503.8,515.6,5158900
709,2016/11/30,0:00:00,518.4,525.6,516,525.5,14147700
708,2016/12/1,0:00:00,533.7,546.9,527,536,6542200
707,2016/12/2,0:00:00,534,553.4,533,549,6923000
706,2016/12/5,0:00:00,537,546.5,537,541.3,3233600
705,2016/12/6,0:00:00,546.7,551.1,541.9,550.7,5951600
704,2016/12/7,0:00:00,555.8,565.9,554.2,564.7,5390000
703,2016/12/8,0:00:00,572,578.4,564,577.3,5137300
702,2016/12/9,0:00:00,597.3,601.6,586.1,599.9,10840400
701,2016/12/12,0:00:00,595.1,598.1,566.7,574.4,12150800
700,2016/12/13,0:00:00,567.6,582.6,563.8,581.4,4877300
699,2016/12/14,0:00:00,583.8,583.8,569.3,574.6,3788900
698,2016/12/15,0:00:00,584.3,589.8,572,574.8,4245400
697,2016/12/16,0:00:00,584.2,594.4,578.6,593.1,7615000
696,2016/12/19,0:00:00,590,591.4,581.7,585,3677300
695,2016/12/20,0:00:00,585.9,586,574.3,579,2761800
694,2016/12/21,0:00:00,577.9,583.2,572.6,575,3498000
693,2016/12/22,0:00:00,577,577.6,563.5,572.5,4009400
692,2016/12/26,0:00:00,572.6,573.8,565.6,566.5,2002400
691,2016/12/27,0:00:00,559.9,571.8,557.2,566.7,3136900
690,2016/12/28,0:00:00,569.6,571.9,564.2,570.4,2428700
689,2016/12/29,0:00:00,569.1,569.1,557.4,562.1,2876200
688,2016/12/30,0:00:00,558.4,566.1,556.2,562.6,2631000
687,2017/1/4,0:00:00,567.1,583.8,566,583.3,4328400
686,2017/1/5,0:00:00,583.2,587.6,574.1,581,2707800
685,2017/1/6,0:00:00,573.5,580.1,565.8,577.5,3096900
684,2017/1/10,0:00:00,578.1,578.1,561,561.9,4690700
683,2017/1/11,0:00:00,562,573.7,562,571.1,2893000
682,2017/1/12,0:00:00,580,583.3,568.4,571.9,4374100
681,2017/1/13,0:00:00,571.1,579,568.5,574.9,3156600
680,2017/1/16,0:00:00,569.3,573.6,561,564.6,3509800
679,2017/1/17,0:00:00,562.9,568.3,552.1,564.4,3053100
678,2017/1/18,0:00:00,555.5,565.2,533.1,563.4,8154600
677,2017/1/19,0:00:00,577.9,581.9,573.9,581,4400500
676,2017/1/20,0:00:00,581.1,590.5,576.3,585.8,4181100
675,2017/1/23,0:00:00,577.2,583.8,569.9,570.3,3211600
674,2017/1/24,0:00:00,565.8,566,555,559.7,2362300
673,2017/1/25,0:00:00,577,579.6,571.9,578.3,3552400
672,2017/1/26,0:00:00,590,608.9,588.5,607.3,5290900
671,2017/1/27,0:00:00,614.6,636.5,614.6,627.1,8065900
670,2017/1/30,0:00:00,621.3,624.9,615.8,623.2,4066900
669,2017/1/31,0:00:00,605,609.5,597.1,598.2,6390700
668,2017/2/1,0:00:00,590.2,600.8,584.9,598.9,3219200
667,2017/2/2,0:00:00,599.3,599.8,577,580,3628200
666,2017/2/3,0:00:00,585,612,578.5,599.5,5436400
665,2017/2/6,0:00:00,617.9,617.9,595.5,597,4987400
664,2017/2/7,0:00:00,593,608.5,589.1,605.1,4733600
663,2017/2/8,0:00:00,611.6,623.3,610.2,622.6,5201300
662,2017/2/9,0:00:00,612.6,616.8,600.5,601,6145700
661,2017/2/10,0:00:00,618,629.8,611.1,628,5161900
660,2017/2/13,0:00:00,635.6,641.9,623.9,628,5184900
659,2017/2/14,0:00:00,628.2,630.8,607.1,608.3,4074500
658,2017/2/15,0:00:00,618.1,626,616.2,618.9,4365600
657,2017/2/16,0:00:00,616.2,628.1,616,625,4472800
656,2017/2/17,0:00:00,616.8,622.4,608.4,613.9,3870800
655,2017/2/20,0:00:00,606.2,617.1,599.4,613.9,2785400
654,2017/2/21,0:00:00,609.5,619.8,608.5,619.5,3006600
653,2017/2/22,0:00:00,624.6,627.2,614,615.4,3504900
652,2017/2/23,0:00:00,615,615.3,601.8,614.1,3184200
651,2017/2/24,0:00:00,605.1,616.2,600.3,605.4,5527300
650,2017/2/27,0:00:00,597.6,603.7,588,591.3,5609600
649,2017/2/28,0:00:00,593.5,602.1,593.2,597.8,4675400
648,2017/3/1,0:00:00,603.5,609.1,598.3,602.2,3335300
647,2017/3/2,0:00:00,620,623.3,608.7,611.2,3943600
646,2017/3/3,0:00:00,611.2,617.3,609.5,612.7,5694100
645,2017/3/6,0:00:00,609.6,631.8,606.8,626.1,5356000
644,2017/3/7,0:00:00,624.9,629.6,620.8,627,4432700
643,2017/3/8,0:00:00,625.7,628.2,621.1,623.7,4784200
642,2017/3/9,0:00:00,625,626.9,621.6,624.9,3444700
641,2017/3/10,0:00:00,624.9,629.9,619,628.2,6371600
640,2017/3/13,0:00:00,625.4,628,620.5,622.5,3585000
639,2017/3/14,0:00:00,618.1,621.3,608.2,610.9,5428700
638,2017/3/15,0:00:00,603.8,604.8,597.5,599.6,5732000
637,2017/3/16,0:00:00,590.3,594.2,584.6,589.3,6653400
636,2017/3/17,0:00:00,584.8,586,578.9,579,7565300
635,2017/3/21,0:00:00,571,574.1,564.4,565.2,6787600
634,2017/3/22,0:00:00,547,552.7,538.1,542,8072000
633,2017/3/23,0:00:00,539.6,541.1,530.2,531.7,7620100
632,2017/3/24,0:00:00,530,547.7,530,539.3,5132500
631,2017/3/27,0:00:00,529.3,531.4,525.3,529.8,4565900
630,2017/3/28,0:00:00,535.7,541.9,535,536.8,5749700
629,2017/3/29,0:00:00,534.4,535.1,524.1,528,4547000
628,2017/3/30,0:00:00,525.1,527.7,520.6,522.3,4215900
627,2017/3/31,0:00:00,528.9,534.1,515.4,515.4,4925800
626,2017/4/3,0:00:00,516.5,517.1,507.3,509.9,4738900
625,2017/4/4,0:00:00,506.5,507.4,499.5,503,4771400
624,2017/4/5,0:00:00,506,509.8,490.4,495.4,5793300
623,2017/4/6,0:00:00,489.6,500.1,488.7,498.4,7198200
622,2017/4/7,0:00:00,502,506.8,493,499.4,5202000
621,2017/4/10,0:00:00,505,518.4,504,513.9,5316900
620,2017/4/11,0:00:00,504.8,507.1,497.2,505.6,4650200
619,2017/4/12,0:00:00,499.9,506.6,496.1,504.9,4624800
618,2017/4/13,0:00:00,498,505.9,495.6,500.1,5996900
617,2017/4/14,0:00:00,504.9,512.2,495.8,507.1,4904900
616,2017/4/17,0:00:00,502.5,504.8,491.3,500.1,3910400
615,2017/4/18,0:00:00,506,515.8,501.3,502.4,3659200
614,2017/4/19,0:00:00,497.6,512.9,492.7,507.2,5817000
613,2017/4/20,0:00:00,501.2,513.9,497.4,506.8,4567200
612,2017/4/21,0:00:00,515.3,521.6,508.9,511.9,4250800
611,2017/4/24,0:00:00,525,525,515.3,516.7,3070900
610,2017/4/25,0:00:00,519.8,527.3,519.1,525.9,4045300
609,2017/4/26,0:00:00,531.5,536.5,526.4,536.2,3778500
608,2017/4/27,0:00:00,528.5,533.7,515.3,526,7644300
607,2017/4/28,0:00:00,523,527.1,511,512.2,3982400
606,2017/5/1,0:00:00,511.3,520.4,508.6,519,3166800
605,2017/5/2,0:00:00,519,524.4,516.4,520.3,2764300
604,2017/5/8,0:00:00,530.2,544.4,530.2,542.3,5749100
603,2017/5/9,0:00:00,541.8,544,531.9,533,3568300
602,2017/5/10,0:00:00,534,534.7,527,532,2468200
601,2017/5/11,0:00:00,532.5,540.5,525,536.2,3582800
600,2017/5/12,0:00:00,538.1,543.5,525.2,527.1,3594700
599,2017/5/15,0:00:00,510.1,521.1,510.1,519.8,5909000
598,2017/5/16,0:00:00,523.1,540.6,522.3,537.1,8378400
597,2017/5/17,0:00:00,532.9,534.6,524,527.2,2997700
596,2017/5/18,0:00:00,517.2,518.7,503.2,507.7,4642400
595,2017/5/19,0:00:00,514.4,525.5,505.4,522.8,4756100
594,2017/5/22,0:00:00,523,524.4,516,521.6,2691800
593,2017/5/23,0:00:00,520,520.7,510.7,512.5,2795400
592,2017/5/24,0:00:00,519.1,529.8,515,524.5,3414400
591,2017/5/25,0:00:00,521.3,528.9,516.8,528,3367000
590,2017/5/26,0:00:00,527,533.3,524.8,531.6,3818300
589,2017/5/29,0:00:00,535,539.5,530.8,534.4,3727000
588,2017/5/30,0:00:00,528.8,529.5,519.3,522.3,4137700
587,2017/5/31,0:00:00,520.8,520.8,505.7,509.9,9605700
586,2017/6/1,0:00:00,515,521.7,510.6,515.2,5725200
585,2017/6/2,0:00:00,521,549.9,520.6,542.2,6359200
584,2017/6/5,0:00:00,537.6,542.6,521,530,5201900
583,2017/6/6,0:00:00,524,534.4,522.4,524.7,3677700
582,2017/6/7,0:00:00,524,528.1,519.7,527.5,3506900
581,2017/6/8,0:00:00,526,536.2,524.3,529.1,5931300
580,2017/6/9,0:00:00,534.7,546.2,525.6,544.3,7387100
579,2017/6/12,0:00:00,550,559.5,539.8,543.7,3764300
578,2017/6/13,0:00:00,535,545.7,535,543.1,2679000
577,2017/6/14,0:00:00,548,549.4,542,545.7,4354300
576,2017/6/15,0:00:00,545,547.7,536.5,540.7,3305500
575,2017/6/16,0:00:00,547,551.5,538.9,543.6,6717200
574,2017/6/19,0:00:00,544.4,550.9,542.1,547.1,2389800
573,2017/6/20,0:00:00,552,559,551.7,555.5,3916300
572,2017/6/21,0:00:00,548.6,548.6,541.7,544.7,4084400
571,2017/6/22,0:00:00,547,551.9,544,548.6,3672600
570,2017/6/23,0:00:00,550.7,551.9,544.5,549.6,2149800
569,2017/6/26,0:00:00,550,550.9,542.3,542.8,2770800
568,2017/6/27,0:00:00,548,557.5,547.5,555.2,2674800
567,2017/6/28,0:00:00,554,562.9,553.9,558.8,3628000
566,2017/6/29,0:00:00,566.7,572.5,563.5,569.5,4689200
565,2017/6/30,0:00:00,568.9,571.7,561.9,566.6,5115000
564,2017/7/3,0:00:00,567.6,568.1,555.7,567.7,3169800
563,2017/7/4,0:00:00,573.1,576.9,567,569.3,2570800
562,2017/7/5,0:00:00,565.3,574.6,565,574.5,4320400
561,2017/7/6,0:00:00,573.4,574.9,567.3,574.7,3434000
560,2017/7/7,0:00:00,572,576.5,570.5,572.6,3379900
559,2017/7/10,0:00:00,575,576.9,567.3,575.5,2987600
558,2017/7/11,0:00:00,576.2,579.7,572.8,578.1,2266800
557,2017/7/12,0:00:00,574.2,576.1,567.4,568.4,2579900
556,2017/7/13,0:00:00,572.2,573.1,551.8,553.3,3961500
555,2017/7/14,0:00:00,560,567.1,559,564,3872500
554,2017/7/18,0:00:00,556.2,556.2,545.9,552,3113400
553,2017/7/19,0:00:00,546.8,554.7,544.8,551.7,2659700
552,2017/7/20,0:00:00,553.2,559.1,550.7,556.9,2870600
551,2017/7/21,0:00:00,554.8,556,543,550.2,5316900
550,2017/7/24,0:00:00,545.3,550.9,540.6,549.1,3297700
549,2017/7/25,0:00:00,551.2,558.6,549.2,554.5,2407400
548,2017/7/26,0:00:00,559,561.8,555.8,558.2,2364700
547,2017/7/27,0:00:00,557,562.4,553.1,559,2468700
546,2017/7/28,0:00:00,558.9,564.1,555.9,558.5,2639300
545,2017/7/31,0:00:00,555.8,562.2,552.7,556.8,4309500
544,2017/8/1,0:00:00,563.9,579.7,563.2,577.7,4022000
543,2017/8/2,0:00:00,577.2,578.6,567.3,571.7,2700000
542,2017/8/3,0:00:00,571,574.6,561.5,564.2,2595100
541,2017/8/4,0:00:00,553,559.5,545.1,558.3,6610600
540,2017/8/7,0:00:00,568.3,577.8,566.9,574,6172200
539,2017/8/8,0:00:00,574,576.5,565.4,566,2040700
538,2017/8/9,0:00:00,565.8,565.8,551.1,558.1,3025600
537,2017/8/10,0:00:00,560.4,560.4,547.4,556.8,2751500
536,2017/8/14,0:00:00,546.8,551,540.5,545.1,3879000
535,2017/8/15,0:00:00,550.5,561.2,548.8,550.3,3367700
534,2017/8/16,0:00:00,549.3,552.3,544,546.6,2503800
533,2017/8/17,0:00:00,546.6,547.1,537,539.2,3795400
532,2017/8/18,0:00:00,530,532.8,523.2,527.5,6296800
531,2017/8/21,0:00:00,532.8,532.8,520.3,521.8,2313000
530,2017/8/22,0:00:00,523.7,526.6,520.6,521.6,2257400
529,2017/8/23,0:00:00,526.6,527.6,518,519.6,3544200
528,2017/8/24,0:00:00,522.4,528.9,519.6,521.4,4359600
527,2017/8/25,0:00:00,522.8,525.5,519.6,522.9,2406200
526,2017/8/28,0:00:00,525.8,526.3,517,521.1,2328600
525,2017/8/29,0:00:00,516,522.5,511,521.4,2205400
524,2017/8/30,0:00:00,522,522.5,516,518.7,3160300
523,2017/8/31,0:00:00,525.7,532,522.2,525.9,3862600
522,2017/9/1,0:00:00,530.9,540.4,530.4,539.1,6299700
521,2017/9/4,0:00:00,535.5,541.6,529.9,530.5,6275400
520,2017/9/5,0:00:00,531.5,542.7,531.4,536.3,5364600
519,2017/9/6,0:00:00,529.9,530,524.1,526.2,5275500
518,2017/9/7,0:00:00,527.3,536.3,526.5,531.8,4330900
517,2017/9/8,0:00:00,521.8,524.9,513.6,515.9,8162200
516,2017/9/11,0:00:00,523,528.9,518,519.5,4524800
515,2017/9/12,0:00:00,527.4,533,526.5,527.4,5150800
514,2017/9/13,0:00:00,533.5,543.6,533.2,542.8,4283400
513,2017/9/14,0:00:00,542.5,546.9,529.9,530.5,5710000
512,2017/9/15,0:00:00,531.1,546.2,531,542.3,6769500
511,2017/9/19,0:00:00,552.3,560,548.4,558.1,5527700
510,2017/9/20,0:00:00,555.3,559.7,552.9,558,4986500
509,2017/9/21,0:00:00,568,569.3,538.6,540.9,9553500
508,2017/9/22,0:00:00,544.2,549.5,543.1,544.1,5088700
507,2017/9/25,0:00:00,549.1,556.3,546,555.2,3783300
506,2017/9/26,0:00:00,553.2,556.9,548.7,555.9,3719600
505,2017/9/27,0:00:00,546.9,552.5,545.6,551.8,2773400
504,2017/9/28,0:00:00,560.2,562.5,553.5,557.6,3467900
503,2017/9/29,0:00:00,554.7,558.5,551.6,556.1,4385300
502,2017/10/2,0:00:00,555,561.8,553.1,557.2,4872900
501,2017/10/3,0:00:00,558.9,567.5,557.7,565.3,3880800
500,2017/10/4,0:00:00,563.6,570.7,562.6,568.3,3681100
499,2017/10/5,0:00:00,565.1,570.2,563.2,568.2,3224600
498,2017/10/6,0:00:00,574.5,581.9,573.5,578.3,5239300
497,2017/10/10,0:00:00,576.7,580.6,575.7,579.7,3627000
496,2017/10/11,0:00:00,580,588.6,579.9,583.6,3533900
495,2017/10/12,0:00:00,585.1,586.3,578.1,579.2,3456700
494,2017/10/13,0:00:00,578.3,583.9,572.6,580.4,4284200
493,2017/10/16,0:00:00,585.2,598.5,583.3,593.9,4591300
492,2017/10/17,0:00:00,600,602,589.2,593.1,3133500
491,2017/10/18,0:00:00,592.4,592.8,585.6,587.1,2396800
490,2017/10/19,0:00:00,590,592,581.5,589,3761300
489,2017/10/20,0:00:00,584.9,588.8,580.2,585,5725400
488,2017/10/23,0:00:00,594.3,595.6,587,587.7,5049100
487,2017/10/24,0:00:00,586,590.4,582.1,588.5,4354100
486,2017/10/25,0:00:00,593,601.3,590.3,594.8,4938200
485,2017/10/26,0:00:00,588.4,591.8,586.8,589.4,3390800
484,2017/10/27,0:00:00,594.3,612.9,589.5,602,5200800
483,2017/10/30,0:00:00,599.3,608.8,596.5,601.8,7489700
482,2017/10/31,0:00:00,593,603,588,595,3305200
481,2017/11/1,0:00:00,600,602,591,596,3274500
480,2017/11/2,0:00:00,600,608,592,607,2693700
479,2017/11/6,0:00:00,606,610,589,594,3178800
478,2017/11/7,0:00:00,591,598,587,596,2476100
477,2017/11/8,0:00:00,594,594,585,588,3895100
476,2017/11/9,0:00:00,591,609,588,594,5669100
475,2017/11/10,0:00:00,593,604,592,599,4035300
474,2017/11/13,0:00:00,602,604,586,587,3693400
473,2017/11/14,0:00:00,584,590,582,584,2446200
472,2017/11/15,0:00:00,583,584,573,579,3517200
471,2017/11/16,0:00:00,576,581,570,580,4226900
470,2017/11/17,0:00:00,590,593,581,589,3687200
469,2017/11/20,0:00:00,584,591,581,583,1767700
468,2017/11/21,0:00:00,588,598,583,595,2466700
467,2017/11/22,0:00:00,593,594,584,592,3865600
466,2017/11/24,0:00:00,589,595,582,591,2233900
465,2017/11/27,0:00:00,591,591,583,584,1664000
464,2017/11/28,0:00:00,581,585,574,581,2024600
463,2017/11/29,0:00:00,590,599,587,596,2931400
462,2017/11/30,0:00:00,606,620,604,615,8188900
461,2017/12/1,0:00:00,633,646,631,644,7975400
460,2017/12/4,0:00:00,634,644,628,637,3816800
459,2017/12/5,0:00:00,637,655,637,654,3709700
458,2017/12/6,0:00:00,650,650,626,629,4522900
457,2017/12/7,0:00:00,626,631,621,623,3035500
456,2017/12/8,0:00:00,613,634,613,631,4985200
455,2017/12/11,0:00:00,641,669,640,664,6539700
454,2017/12/12,0:00:00,665,686,665,680,6503800
453,2017/12/13,0:00:00,685,690,675,688,6035900
452,2017/12/14,0:00:00,678,685,664,678,6498700
451,2017/12/15,0:00:00,686,687,672,673,4805700
450,2017/12/18,0:00:00,680,701,677,697,5751300
449,2017/12/19,0:00:00,691,697,686,691,2622100
448,2017/12/20,0:00:00,698,724,697,701,6515300
447,2017/12/21,0:00:00,700,709,684,688,6241600
446,2017/12/22,0:00:00,682,698,681,691,3793500
445,2017/12/25,0:00:00,690,691,677,680,1723500
444,2017/12/26,0:00:00,681,690,678,680,2178100
443,2017/12/27,0:00:00,686,689,681,684,2193400
442,2017/12/28,0:00:00,681,687,672,674,2959800
441,2017/12/29,0:00:00,675,686,675,680,2495500
440,2018/1/4,0:00:00,693,708,692,708,4285200
439,2018/1/5,0:00:00,718,719,706,719,3238100
438,2018/1/9,0:00:00,732,734,717,725,3759900
437,2018/1/10,0:00:00,729,740,725,726,4638300
436,2018/1/11,0:00:00,725,728,712,721,4334200
435,2018/1/12,0:00:00,720,730,715,720,5178200
434,2018/1/15,0:00:00,723,729,716,729,2833400
433,2018/1/16,0:00:00,728,729,720,724,2528000
432,2018/1/17,0:00:00,710,712,698,709,4216700
431,2018/1/18,0:00:00,715,716,694,696,4941200
430,2018/1/19,0:00:00,702,703,687,689,3538700
429,2018/1/22,0:00:00,679,680,670,675,5866600
428,2018/1/23,0:00:00,678,689,672,688,4530800
427,2018/1/24,0:00:00,681,684,667,672,3766700
426,2018/1/25,0:00:00,662,670,659,664,4941300
425,2018/1/26,0:00:00,662,668,656,662,3760500
424,2018/1/29,0:00:00,664,670,660,668,3806100
423,2018/1/30,0:00:00,675,677,664,669,4918600
422,2018/1/31,0:00:00,667,676,661,661,4775500
421,2018/2/1,0:00:00,671,699,668,690,5211300
420,2018/2/2,0:00:00,670,682,666,678,4590100
419,2018/2/5,0:00:00,670,679,655,662,5807100
418,2018/2/6,0:00:00,634,643,616,635,8468700
417,2018/2/7,0:00:00,646,657,629,630,6222000
416,2018/2/8,0:00:00,627,640,627,629,4997500
415,2018/2/9,0:00:00,609,612,600,606,5378600
414,2018/2/13,0:00:00,611,614,592,594,5120900
413,2018/2/14,0:00:00,596,599,586,589,4976900
412,2018/2/15,0:00:00,599,609,598,604,3370400
411,2018/2/16,0:00:00,607,614,601,611,2738300
410,2018/2/19,0:00:00,620,631,616,629,3123100
409,2018/2/20,0:00:00,622,622,609,617,2824300
408,2018/2/21,0:00:00,617,622,614,617,2354000
407,2018/2/22,0:00:00,611,623,610,621,3953000
406,2018/2/23,0:00:00,620,630,615,628,3133000
405,2018/2/26,0:00:00,636,637,629,633,2091800
404,2018/2/27,0:00:00,642,646,633,642,3985700
403,2018/2/28,0:00:00,642,643,623,626,5197100
402,2018/3/1,0:00:00,620,620,606,609,3565700
401,2018/3/2,0:00:00,599,606,594,598,3619400
400,2018/3/5,0:00:00,591,598,586,596,3689600
399,2018/3/6,0:00:00,604,621,604,611,4450100
398,2018/3/7,0:00:00,601,607,593,594,4012500
397,2018/3/8,0:00:00,602,606,589,591,3753700
396,2018/3/9,0:00:00,599,608,590,593,5621100
395,2018/3/12,0:00:00,602,610,598,605,3220700
394,2018/3/13,0:00:00,615,616,600,608,3690200
393,2018/3/14,0:00:00,603,606,590,591,5619600
392,2018/3/15,0:00:00,588,599,587,597,3455200
391,2018/3/16,0:00:00,601,601,589,590,5147900
390,2018/3/19,0:00:00,581,587,579,582,2723600
389,2018/3/20,0:00:00,577,590,576,584,1915900
388,2018/3/22,0:00:00,589,601,589,600,2974900
387,2018/3/23,0:00:00,574,580,562,567,4875800
386,2018/3/26,0:00:00,561,572,560,572,3522100
385,2018/3/27,0:00:00,579,595,578,593,3741000
384,2018/3/28,0:00:00,584,590,575,587,3761000
383,2018/3/29,0:00:00,593,599,587,593,3381800
382,2018/3/30,0:00:00,600,600,584,587,3239400
381,2018/4/2,0:00:00,584,589,576,576,2542300
380,2018/4/3,0:00:00,570,576,568,574,2990300
379,2018/4/4,0:00:00,571,577,565,574,3440300
378,2018/4/5,0:00:00,581,597,577,589,3841300
377,2018/4/6,0:00:00,580,592,580,587,3893000
376,2018/4/9,0:00:00,585,603,584,601,4027500
375,2018/4/10,0:00:00,596,599,585,596,3882800
374,2018/4/11,0:00:00,604,604,588,591,2621900
373,2018/4/12,0:00:00,586,595,582,593,2896400
372,2018/4/13,0:00:00,600,611,599,609,3270000
371,2018/4/16,0:00:00,611,622,610,615,2619600
370,2018/4/17,0:00:00,619,622,612,615,3794700
369,2018/4/18,0:00:00,618,630,616,629,5647300
368,2018/4/19,0:00:00,630,636,619,620,4488800
367,2018/4/20,0:00:00,627,632,612,616,4109300
366,2018/4/23,0:00:00,622,628,618,618,3639100
365,2018/4/24,0:00:00,626,630,621,627,4051100
364,2018/4/25,0:00:00,619,640,614,638,4699000
363,2018/4/26,0:00:00,643,646,630,634,4733700
362,2018/4/27,0:00:00,640,643,631,637,3938900
361,2018/5/1,0:00:00,619,626,609,613,3808200
360,2018/5/2,0:00:00,621,623,615,619,2692300
359,2018/5/7,0:00:00,623,624,609,614,2102000
358,2018/5/8,0:00:00,612,628,612,623,2666300
357,2018/5/9,0:00:00,626,626,616,622,2717300
356,2018/5/10,0:00:00,628,636,625,626,2603100
355,2018/5/11,0:00:00,626,634,624,633,2430700
354,2018/5/14,0:00:00,626,626,611,624,3100600
353,2018/5/15,0:00:00,628,640,628,631,4035700
352,2018/5/16,0:00:00,641,659,640,655,5055600
351,2018/5/17,0:00:00,653,658,650,654,2086300
350,2018/5/18,0:00:00,658,659,648,652,2669400
349,2018/5/21,0:00:00,646,648,636,639,2720400
348,2018/5/22,0:00:00,642,644,636,640,2016500
347,2018/5/23,0:00:00,632,639,624,627,2651600
346,2018/5/24,0:00:00,625,633,621,626,3414400
345,2018/5/25,0:00:00,626,631,622,623,2938500
344,2018/5/28,0:00:00,621,622,614,621,1992100
343,2018/5/29,0:00:00,622,625,613,616,2201400
342,2018/5/30,0:00:00,598,605,596,601,3306700
341,2018/5/31,0:00:00,607,617,601,613,12355200
340,2018/6/1,0:00:00,607,623,602,615,4820000
339,2018/6/4,0:00:00,621,641,617,638,3940300
338,2018/6/5,0:00:00,640,646,634,638,2411700
337,2018/6/6,0:00:00,633,634,625,625,2550500
336,2018/6/7,0:00:00,635,641,633,634,2283600
335,2018/6/8,0:00:00,629,636,626,631,3730600
334,2018/6/11,0:00:00,630,632,621,631,1636300
333,2018/6/12,0:00:00,638,640,631,636,2363400
332,2018/6/13,0:00:00,637,646,633,642,2327400
331,2018/6/14,0:00:00,640,659,638,652,5082100
330,2018/6/15,0:00:00,656,657,638,641,4186400
329,2018/6/18,0:00:00,633,634,621,625,2626500
328,2018/6/19,0:00:00,619,629,616,617,3508400
327,2018/6/20,0:00:00,610,611,591,602,5485300
326,2018/6/21,0:00:00,596,598,583,584,4065800
325,2018/6/22,0:00:00,561,575,556,571,5817600
324,2018/6/25,0:00:00,573,576,567,568,3399500
323,2018/6/26,0:00:00,558,582,555,580,3949200
322,2018/6/27,0:00:00,575,575,562,564,4561300
321,2018/6/28,0:00:00,565,567,559,561,5108900
320,2018/6/29,0:00:00,564,567,563,564,5501100
319,2018/7/2,0:00:00,560,560,549,553,4558500
318,2018/7/3,0:00:00,556,556,535,540,8059300
317,2018/7/4,0:00:00,538,543,533,535,4570400
316,2018/7/5,0:00:00,536,537,523,526,5082800
315,2018/7/6,0:00:00,534,544,532,542,4875300
314,2018/7/9,0:00:00,544,550,542,545,1944000
313,2018/7/10,0:00:00,552,559,550,551,2554900
312,2018/7/11,0:00:00,547,553,542,551,3999200
311,2018/7/12,0:00:00,555,560,551,551,2826000
310,2018/7/13,0:00:00,535,535,500,504,12481000
309,2018/7/17,0:00:00,506,523,502,518,7678700
308,2018/7/18,0:00:00,525,533,524,526,4895600
307,2018/7/19,0:00:00,531,543,528,541,3767000
306,2018/7/20,0:00:00,546,558,543,550,6597300
305,2018/7/23,0:00:00,569,583,568,576,6842200
304,2018/7/24,0:00:00,586,613,580,586,9227000
303,2018/7/25,0:00:00,596,613,593,605,6251900
302,2018/7/26,0:00:00,609,610,595,599,3873100
301,2018/7/27,0:00:00,609,626,606,615,4703000
300,2018/7/30,0:00:00,623,631,616,627,6478000
299,2018/7/31,0:00:00,625,644,597,600,10743500
298,2018/8/1,0:00:00,605,616,596,614,6593800
297,2018/8/2,0:00:00,616,622,602,608,3499100
296,2018/8/3,0:00:00,601,607,593,594,3043500
295,2018/8/6,0:00:00,574,576,555,564,5390100
294,2018/8/7,0:00:00,565,567,550,560,4180200
293,2018/8/8,0:00:00,558,566,555,559,3909800
292,2018/8/9,0:00:00,560,564,556,560,2453000
291,2018/8/10,0:00:00,560,565,556,561,4554200
290,2018/8/13,0:00:00,551,554,525,537,5731900
289,2018/8/14,0:00:00,538,540,531,539,4016800
288,2018/8/15,0:00:00,543,544,524,530,3508000
287,2018/8/16,0:00:00,521,536,516,535,3222600
286,2018/8/17,0:00:00,534,543,529,537,2454800
285,2018/8/20,0:00:00,534,539,533,536,1954200
284,2018/8/21,0:00:00,531,538,529,535,1827800
283,2018/8/22,0:00:00,529,532,523,524,2801500
282,2018/8/23,0:00:00,525,525,516,518,2831100
281,2018/8/24,0:00:00,523,527,519,524,2354000
280,2018/8/27,0:00:00,530,543,527,537,3032400
279,2018/8/28,0:00:00,541,545,532,532,3766800
278,2018/8/29,0:00:00,534,554,534,552,3995500
277,2018/8/30,0:00:00,552,556,543,545,3172200
276,2018/8/31,0:00:00,534,537,531,533,5161200
275,2018/9/3,0:00:00,528,532,520,524,3388600
274,2018/9/4,0:00:00,527,528,510,511,4293900
273,2018/9/5,0:00:00,509,512,503,506,4779600
272,2018/9/6,0:00:00,508,516,506,512,3580600
271,2018/9/7,0:00:00,507,508,497,502,3601500
270,2018/9/10,0:00:00,501,516,499,511,2996300
269,2018/9/11,0:00:00,515,516,508,514,2998800
268,2018/9/12,0:00:00,513,516,502,505,3917300
267,2018/9/13,0:00:00,512,521,508,517,3342700
266,2018/9/14,0:00:00,520,526,519,525,6454300
265,2018/9/18,0:00:00,524,543,524,541,4292200
264,2018/9/19,0:00:00,551,551,543,547,3883500
263,2018/9/20,0:00:00,560,568,552,564,5129100
262,2018/9/21,0:00:00,570,578,565,570,6532200
261,2018/9/25,0:00:00,570,573,561,567,4769000
260,2018/9/26,0:00:00,559,564,550,559,4203300
259,2018/9/27,0:00:00,558,567,555,560,3160900
258,2018/9/28,0:00:00,561,571,557,557,5882200
257,2018/10/1,0:00:00,553,559,547,556,3065900
256,2018/10/2,0:00:00,563,570,558,563,3589500
255,2018/10/3,0:00:00,564,574,556,557,3519700
254,2018/10/4,0:00:00,565,572,560,568,5004000
253,2018/10/5,0:00:00,567,584,567,578,4523800
252,2018/10/9,0:00:00,569,574,550,553,5741500
251,2018/10/10,0:00:00,554,568,553,562,3958500
250,2018/10/11,0:00:00,537,549,530,537,4984100
249,2018/10/12,0:00:00,537,546,534,544,5339800
248,2018/10/15,0:00:00,536,542,528,534,3527100
247,2018/10/16,0:00:00,530,542,530,538,2719600
246,2018/10/17,0:00:00,546,547,537,542,3810200
245,2018/10/18,0:00:00,545,553,539,542,2447100
244,2018/10/19,0:00:00,532,537,529,535,2108000
243,2018/10/22,0:00:00,525,539,524,534,1964700
242,2018/10/23,0:00:00,528,532,519,520,2478400
241,2018/10/24,0:00:00,524,525,506,507,3272400
240,2018/10/25,0:00:00,491,499,486,492,3615000
239,2018/10/26,0:00:00,491,501,485,496,4619200
238,2018/10/29,0:00:00,500,504,491,496,2580400
237,2018/10/30,0:00:00,499,519,498,511,11399200
236,2018/10/31,0:00:00,517,522,511,518,3766500
235,2018/11/1,0:00:00,518,530,516,526,3131200
234,2018/11/2,0:00:00,524,527,511,522,3719600
233,2018/11/5,0:00:00,516,530,514,525,2749400
232,2018/11/6,0:00:00,526,534,526,532,1810600
231,2018/11/7,0:00:00,536,549,521,525,3524400
230,2018/11/8,0:00:00,537,545,535,542,2245700
229,2018/11/9,0:00:00,545,549,540,543,1983600
228,2018/11/12,0:00:00,524,526,499,512,5402100
227,2018/11/13,0:00:00,500,515,497,514,4046900
226,2018/11/14,0:00:00,517,533,515,528,4626100
225,2018/11/15,0:00:00,522,522,512,516,3753700
224,2018/11/16,0:00:00,516,528,516,526,3574100
223,2018/11/19,0:00:00,523,523,489,497,6937000
222,2018/11/20,0:00:00,492,509,490,509,3336100
221,2018/11/21,0:00:00,493,498,489,496,3842100
220,2018/11/22,0:00:00,498,503,495,500,3076100
219,2018/11/26,0:00:00,501,510,498,505,3330700
218,2018/11/27,0:00:00,512,522,509,518,3164700
217,2018/11/28,0:00:00,518,524,516,519,2988500
216,2018/11/29,0:00:00,530,536,529,532,3681500
215,2018/11/30,0:00:00,531,539,526,533,4332000
214,2018/12/3,0:00:00,540,549,537,543,3009600
213,2018/12/4,0:00:00,543,548,526,528,3239700
212,2018/12/5,0:00:00,518,518,505,510,4342500
211,2018/12/6,0:00:00,508,509,498,501,4912900
210,2018/12/7,0:00:00,498,503,493,494,5235900
209,2018/12/10,0:00:00,481,485,471,475,4569200
208,2018/12/11,0:00:00,473,476,453,463,5976200
207,2018/12/12,0:00:00,465,482,465,476,6185600
206,2018/12/13,0:00:00,481,493,476,489,4533900
205,2018/12/14,0:00:00,481,485,473,480,8795100
204,2018/12/17,0:00:00,488,493,472,473,3743100
203,2018/12/18,0:00:00,453,462,450,452,7188300
202,2018/12/19,0:00:00,452,453,435,437,6702300
201,2018/12/20,0:00:00,436,443,430,435,8506200
200,2018/12/21,0:00:00,427,429,417,421,7180200
199,2018/12/25,0:00:00,397,403,394,401,6263000
198,2018/12/26,0:00:00,404,411,401,407,6309600
197,2018/12/27,0:00:00,418,427,414,425,6985100
196,2018/12/28,0:00:00,417,427,412,422,5114600
195,2019/1/4,0:00:00,414,433,413,431,5933600
194,2019/1/7,0:00:00,439,444,427,427,4242100
193,2019/1/8,0:00:00,429,432,424,427,6364000
192,2019/1/9,0:00:00,435,445,433,443,4263400
191,2019/1/10,0:00:00,431,433,422,425,9870800
190,2019/1/11,0:00:00,428,434,427,434,10221400
189,2019/1/15,0:00:00,435,443,432,441,5364900
188,2019/1/16,0:00:00,441,447,438,444,4078500
187,2019/1/17,0:00:00,446,449,443,446,3132800
186,2019/1/18,0:00:00,446,455,445,450,3170100
185,2019/1/21,0:00:00,453,458,450,453,2728600
184,2019/1/22,0:00:00,454,455,446,452,3198500
183,2019/1/23,0:00:00,448,457,446,450,2937300
182,2019/1/24,0:00:00,446,452,444,449,2663300
181,2019/1/25,0:00:00,447,453,445,450,3347800
180,2019/1/28,0:00:00,450,455,446,449,3772100
179,2019/1/29,0:00:00,447,451,441,445,5415300
178,2019/1/30,0:00:00,444,449,437,439,5945400
177,2019/1/31,0:00:00,447,454,446,448,3780700
176,2019/2/1,0:00:00,446,450,441,442,3797500
175,2019/2/4,0:00:00,445,449,441,442,4047000
174,2019/2/5,0:00:00,440,444,438,443,3579400
173,2019/2/6,0:00:00,446,454,444,445,2942600
172,2019/2/7,0:00:00,445,448,438,441,5525600
171,2019/2/8,0:00:00,438,439,426,429,6644700
170,2019/2/12,0:00:00,429,444,425,440,5634100
169,2019/2/13,0:00:00,455,461,448,455,4263100
168,2019/2/14,0:00:00,450,451,444,447,3768300
167,2019/2/15,0:00:00,442,443,434,440,3988900
166,2019/2/18,0:00:00,453,457,450,454,3425500
165,2019/2/19,0:00:00,457,458,452,453,2805900
164,2019/2/20,0:00:00,453,459,452,457,2300500
163,2019/2/21,0:00:00,457,458,447,456,2659700
162,2019/2/22,0:00:00,453,455,448,454,2341500
161,2019/2/25,0:00:00,459,463,456,462,3203300
160,2019/2/26,0:00:00,463,464,451,452,4615700
159,2019/2/27,0:00:00,453,457,451,452,2918600
158,2019/2/28,0:00:00,451,454,448,451,5291100
157,2019/3/1,0:00:00,455,458,447,449,5033800
156,2019/3/4,0:00:00,454,455,445,449,3506400
155,2019/3/5,0:00:00,447,451,445,451,3781200
154,2019/3/6,0:00:00,449,450,446,447,3320600
153,2019/3/7,0:00:00,441,442,432,437,5833800
152,2019/3/8,0:00:00,436,436,419,421,8950100
151,2019/3/11,0:00:00,420,426,416,423,3756300
150,2019/3/12,0:00:00,429,438,425,434,4616600
149,2019/3/13,0:00:00,430,439,428,431,4435000
148,2019/3/14,0:00:00,441,444,429,430,3036200
147,2019/3/15,0:00:00,435,441,434,439,5171800
146,2019/3/18,0:00:00,444,444,437,441,2878100
145,2019/3/19,0:00:00,439,442,435,440,2967900
144,2019/3/20,0:00:00,444,445,436,436,2831800
143,2019/3/22,0:00:00,436,437,430,436,3428500
142,2019/3/25,0:00:00,428,430,419,423,4125100
141,2019/3/26,0:00:00,429,444,425,441,6033200
140,2019/3/27,0:00:00,429,433,418,431,4816900
139,2019/3/28,0:00:00,433,433,423,428,4282500
138,2019/3/29,0:00:00,432,433,424,427,3203600
137,2019/4/1,0:00:00,435,447,434,441,4404900
136,2019/4/2,0:00:00,449,451,443,448,3098700
135,2019/4/3,0:00:00,450,454,447,449,4049600
134,2019/4/4,0:00:00,450,452,446,450,2700900
133,2019/4/5,0:00:00,446,452,445,449,2513800
132,2019/4/8,0:00:00,452,452,445,448,2280400
131,2019/4/9,0:00:00,444,447,441,445,2121400
130,2019/4/10,0:00:00,438,443,437,443,1490100
129,2019/4/11,0:00:00,440,441,431,437,3108600
128,2019/4/12,0:00:00,442,442,433,434,2530600
127,2019/4/15,0:00:00,450,451,441,444,3070100
126,2019/4/16,0:00:00,436,439,432,437,3678000
125,2019/4/17,0:00:00,444,447,441,445,3054900
124,2019/4/18,0:00:00,444,451,441,443,2769200
123,2019/4/19,0:00:00,443,444,437,438,1830300
122,2019/4/22,0:00:00,437,440,431,438,2006500
121,2019/4/23,0:00:00,440,448,440,445,3238900
120,2019/4/24,0:00:00,442,443,426,430,4243500
119,2019/4/25,0:00:00,427,433,423,433,3668800
118,2019/4/26,0:00:00,428,433,426,432,3683700
117,2019/5/7,0:00:00,426,430,416,420,5101000
116,2019/5/8,0:00:00,414,414,405,409,4842000
115,2019/5/9,0:00:00,405,406,399,401,3503600
114,2019/5/10,0:00:00,405,411,402,407,5688600
113,2019/5/13,0:00:00,403,410,403,409,3274500
112,2019/5/14,0:00:00,402,403,392,403,4196000
111,2019/5/15,0:00:00,408,408,395,401,5200100
110,2019/5/16,0:00:00,403,411,402,408,5502700
109,2019/5/17,0:00:00,412,417,406,411,4097500
108,2019/5/20,0:00:00,415,421,412,420,2977800
107,2019/5/21,0:00:00,420,431,419,429,3984100
106,2019/5/22,0:00:00,428,433,426,429,3372100
105,2019/5/23,0:00:00,428,429,421,424,2584900
104,2019/5/24,0:00:00,418,427,415,425,3769500
103,2019/5/27,0:00:00,429,429,422,426,2087400
102,2019/5/28,0:00:00,426,432,425,427,6034800
101,2019/5/29,0:00:00,420,423,416,420,3315800
100,2019/5/30,0:00:00,418,425,418,424,2403800
99,2019/5/31,0:00:00,419,420,415,416,4370400
98,2019/6/3,0:00:00,410,411,402,406,4444000
97,2019/6/4,0:00:00,410,413,407,410,4738700
96,2019/6/5,0:00:00,420,430,418,422,3808600
95,2019/6/6,0:00:00,415,419,414,415,2982300
94,2019/6/7,0:00:00,410,410,400,407,5518300
93,2019/6/10,0:00:00,409,410,404,406,4178900
92,2019/6/11,0:00:00,410,415,409,413,3020900
91,2019/6/12,0:00:00,413,413,409,409,3388300
90,2019/6/13,0:00:00,406,409,402,407,4803600
89,2019/6/14,0:00:00,400,402,397,400,5858900
88,2019/6/17,0:00:00,400,402,395,395,5372100
87,2019/6/18,0:00:00,398,400,395,397,5138600
86,2019/6/19,0:00:00,398,405,398,400,4282700
85,2019/6/20,0:00:00,403,407,402,404,2606300
84,2019/6/21,0:00:00,402,403,392,394,8222700
83,2019/6/24,0:00:00,396,400,396,399,3489700
82,2019/6/25,0:00:00,397,400,393,395,3399500
81,2019/6/26,0:00:00,391,397,390,392,3547300
80,2019/6/27,0:00:00,398,405,397,404,3493800
79,2019/6/28,0:00:00,401,403,397,401,3305500
78,2019/7/1,0:00:00,409,415,409,412,3617900
77,2019/7/2,0:00:00,410,411,407,411,2684500
76,2019/7/3,0:00:00,407,410,404,409,3350600
75,2019/7/4,0:00:00,412,416,411,414,2071400
74,2019/7/5,0:00:00,415,418,415,416,2093500
73,2019/7/8,0:00:00,420,421,415,417,3224600
72,2019/7/9,0:00:00,417,420,414,417,3299400
71,2019/7/10,0:00:00,421,426,419,422,4606300
70,2019/7/11,0:00:00,418,421,415,419,3238500
69,2019/7/12,0:00:00,422,424,415,419,2442400
68,2019/7/16,0:00:00,419,420,413,415,2054900
67,2019/7/17,0:00:00,414,414,408,409,3940800
66,2019/7/18,0:00:00,406,407,396,399,5938500
65,2019/7/19,0:00:00,399,405,397,402,2925100
64,2019/7/22,0:00:00,404,406,401,404,3272000
63,2019/7/23,0:00:00,402,406,401,403,3821900
62,2019/7/24,0:00:00,405,408,404,405,2824000
61,2019/7/25,0:00:00,403,404,400,402,3032800
60,2019/7/26,0:00:00,398,400,394,397,4917700
59,2019/7/29,0:00:00,397,398,392,394,5007000
58,2019/7/30,0:00:00,394,398,390,390,5411300
57,2019/7/31,0:00:00,385,388,383,385,4509200
56,2019/8/1,0:00:00,389,392,386,387,3934700
55,2019/8/2,0:00:00,377,379,372,373,3785400
54,2019/8/5,0:00:00,369,369,360,366,4374000
53,2019/8/6,0:00:00,351,368,349,366,4974200
52,2019/8/7,0:00:00,363,375,362,372,5259000
51,2019/8/8,0:00:00,370,374,366,371,2564000
50,2019/8/9,0:00:00,378,379,367,367,2943500
49,2019/8/13,0:00:00,361,361,355,360,3469000
48,2019/8/14,0:00:00,365,365,356,358,2876800
47,2019/8/15,0:00:00,350,353,346,351,3969900
46,2019/8/16,0:00:00,346,350,344,350,2597400
45,2019/8/19,0:00:00,354,355,350,352,1752100
44,2019/8/20,0:00:00,352,355,350,354,1915400
43,2019/8/21,0:00:00,347,350,345,350,2048600
42,2019/8/22,0:00:00,354,356,352,354,3491100
41,2019/8/23,0:00:00,356,357,353,356,2727700
40,2019/8/26,0:00:00,346,352,346,350,3264300
39,2019/8/27,0:00:00,358,360,353,357,4423400
38,2019/8/28,0:00:00,354,357,352,354,2310500
37,2019/8/29,0:00:00,353,360,352,359,2642200
36,2019/8/30,0:00:00,364,365,363,365,2706700
35,2019/9/2,0:00:00,361,364,360,361,1144100
34,2019/9/3,0:00:00,360,368,360,366,2263500
33,2019/9/4,0:00:00,368,368,359,363,2597200
32,2019/9/5,0:00:00,369,379,367,375,4824700
31,2019/9/6,0:00:00,380,381,377,379,3489000
30,2019/9/9,0:00:00,380,381,375,378,1963200
29,2019/9/10,0:00:00,389,400,389,395,5285600
28,2019/9/11,0:00:00,411,429,406,420,8874500
27,2019/9/12,0:00:00,425,429,416,419,5033100
26,2019/9/13,0:00:00,424,425,411,421,6681500
25,2019/9/17,0:00:00,419,431,417,427,3876900
24,2019/9/18,0:00:00,425,426,418,419,3037600
23,2019/9/19,0:00:00,424,430,417,420,2892800
22,2019/9/20,0:00:00,422,423,414,421,4415600
21,2019/9/24,0:00:00,420,428,419,423,2363900
20,2019/9/25,0:00:00,419,426,417,425,2307800
19,2019/9/26,0:00:00,433,434,429,431,4263700
18,2019/9/27,0:00:00,419,420,410,418,4114700
17,2019/9/30,0:00:00,417,418,411,414,3081000
16,2019/10/1,0:00:00,412,419,411,415,2571700
15,2019/10/2,0:00:00,414,425,413,421,3376500
14,2019/10/3,0:00:00,410,413,408,413,2832700
13,2019/10/4,0:00:00,407,412,405,410,1746700
12,2019/10/7,0:00:00,407,412,404,409,2274100
11,2019/10/8,0:00:00,414,416,409,409,2446400
10,2019/10/9,0:00:00,403,408,402,407,2465400
9,2019/10/10,0:00:00,403,405,397,404,2474300
8,2019/10/11,0:00:00,410,412,407,410,2852900
7,2019/10/15,0:00:00,421,422,416,419,3029800
6,2019/10/16,0:00:00,426,431,418,420,4094500
5,2019/10/17,0:00:00,421,421,414,416,2066900
4,2019/10/18,0:00:00,419,421,417,418,2143800
3,2019/10/21,0:00:00,419,425,417,422,2198500
2,2019/10/23,0:00:00,430,432,425,429,3373600
1,2019/10/24,0:00:00,429,429,429,429,0
